SESSION,COLLEGE,COURSE,"STUDENT ID",NAME,"YEAR LEVEL",SEMESTER,CODE,"SUBJECT NAME","SUBJECT TYPE",UNITS,SECTION,"TEACHER 1","SECTION 2","TEACHER 2",MODALITY,"ENLISTMENT MODE","ADMISSION TYPE",GENDER,P1,P2,P3,GRADE,REMARKS
"SY 24-25 SEM II","College of Information Technology Education","Bachelor of Science in Information Technology",'02-1314-02812,"ADORA, KHEN DACULA",Y2S2,"YEAR 2","GEN 004","READINGS IN PHILIPPINE HISTORY",Lecture,3,COC-FAB-GEC-IT2-02,"GINA DETABLAN",-,-,FLEX,Regular,Regular,Female,88.4,86.2,87.4,1.75,Passed
"SY 24-25 SEM II","College of Information Technology Education","Bachelor of Science in Information Technology",'02-1314-02812,"ADORA, KHEN DACULA",Y2S2,"YEAR 2","GEN 009","THE ENTREPRENEURIAL MIND",Lecture,3,COC-FAB-IT2-02,"KHENT REY OCCILLADA",-,-,FLEX,Regular,Regular,Female,89.2,90.8,89.4,1.5,Passed
"SY 24-25 SEM II","College of Information Technology Education","Bachelor of Science in Information Technology",'02-1314-02812,"ADORA, KHEN DACULA",Y2S2,"YEAR 2","GEN 013","PEOPLE AND THE EARTH'S ECOSYSTEMS",Lecture,3,COC-FAB-GEC-IT2-02,"PENNY ROSE LAGRA",-,-,FLEX,Regular,Regular,Female,87.6,86.4,87.0,1.75,Passed
"SY 24-25 SEM II","College of Information Technology Education","Bachelor of Science in Information Technology",'02-1314-02812,"ADORA, KHEN DACULA",Y2S2,"YEAR 2","ITE 360","WEB SYSTEM AND TECHNOLOGIES",Lecture and Laboratory,3,COC-FAB-IT2-03,"GRACHAEL OPURA CANTILA",-,-,FLEX,Regular,Regular,Female,88.4,85.2,87.0,1.75,Passed
"SY 24-25 SEM II","College of Information Technology Education","Bachelor of Science in Information Technology",'02-1314-02812,"ADORA, KHEN DACULA",Y2S2,"YEAR 2","ITE 380","HUMAN COMPUTER INTERACTION 2",Lecture,3,COC-FAB-IT2-03,"ADORMIE CORRALES MACARIO",-,-,FLEX,Regular,Regular,Female,84.0,86.1,85.0,1.75,Passed
"SY 24-25 SEM II","College of Information Technology Education","Bachelor of Science in Information Technology",'02-1314-02812,"ADORA, KHEN DACULA",Y2S2,"YEAR 2","ITE 393","APPLICATIONS DEVELOPMENT AND EMERGING TECHNOLOGIES (INCLUDING EVENT-DRIVEN PROGRAMMING)",Lecture and Laboratory,3,COC-FAB-IT2-03,"JAYSON RAMIREZ BELMES",-,-,FLEX,Regular,Regular,Female,86.4,88.6,87.2,1.5,Passed
"SY 24-25 SEM II","College of Information Technology Education","Bachelor of Science in Information Technology",'02-1314-02812,"ADORA, KHEN DACULA",Y2S2,"YEAR 2","ITE 400","SYSTEMS INTEGRATION AND ARCHITECTURE",Lecture and Laboratory,3,COC-FAB-IT2-03,"JEREMIAH SIMO",-,-,FLEX,Regular,Regular,Female,85.0,84.0,85.4,1.75,Passed
"SY 24-25 SEM II","College of Information Technology Education","Bachelor of Science in Information Technology",'02-1314-02812,"ADORA, KHEN DACULA",Y2S2,"YEAR 2","PED 033","PHYSICAL ACTIVITIES TOWARD HEALTH AND FITNESS (PATHFIT 4): TEAM SPORTS",Lecture,2,COC-FA-GEC2-03B,"MA. TERESA BONTUYAN",-,-,FLEX,Regular,Regular,Female,94.2,95.8,93.4,1.25,Passed
"SY 24-25 SEM II","College of Information Technology Education","Bachelor of Science in Information Technology",'02-1314-02812,"ADORA, KHEN DACULA",Y2S2,"YEAR 2","SSP 006","STUDENT SUCCESS PROGRAM 2",Lecture,1,COC-FAB-IT2-03,"LEILANI BALBIDO RANARA",COC-FAB-IT2-03,"DARWIN MEHILA GALUDO",FLEX,Regular,Regular,Female,NA,NA,NA,COMPLETE,Passed
